dish,ingredient
上等肋排,猪肋排
俱乐部三明治,面包
俱乐部三明治,鸡胸肉
俱乐部三明治,培根
俱乐部三明治,生菜
俱乐部三明治,番茄
冰淇淋,牛奶
冰淇淋,奶油
冰淇淋,糖
冻酸奶,酸奶
凯撒沙拉,生菜
凯撒沙拉,鸡胸肉
凯撒沙拉,面包
凯撒沙拉,奶酪
北京烤鸭,鸭肉
千层面,面皮
千层面,牛肉末
千层面,番茄
千层面,奶酪
华夫饼,面粉
华夫饼,鸡蛋
华夫饼,牛奶
华夫饼,黄油
卡普里沙拉,番茄
卡普里沙拉,奶酪
卡普里沙拉,罗勒叶
味增汤,味增酱
味增汤,豆腐
味增汤,海带
味增汤,鲣鱼
味增汤,紫菜
咖喱角,面粉
咖喱角,土豆
咖喱角,豌豆
咖喱角,咖喱粉
咖喱鸡,鸡肉
咖喱鸡,土豆
咖喱鸡,洋葱
咖喱鸡,咖喱粉
土耳其果仁蜜饼,面皮
土耳其果仁蜜饼,坚果
土耳其果仁蜜饼,蜂蜜
墨西哥卷饼,玉米饼
墨西哥卷饼,牛肉
墨西哥卷饼,鹰嘴豆
墨西哥卷饼,米饭
墨西哥早餐蛋,鸡蛋
墨西哥早餐蛋,玉米饼
墨西哥早餐蛋,黑豆
墨西哥早餐蛋,西红柿
墨西哥玉米片,玉米片
墨西哥玉米片,奶酪
墨西哥玉米片,牛肉末
奶油培根意面,意大利面
奶油培根意面,培根
奶油培根意面,奶油
寿司,米
寿司,海苔
寿司,生鱼片
小排骨,排骨
巧克力慕斯,巧克力
巧克力慕斯,鸡蛋
巧克力慕斯,奶油
巧克力蛋糕,面粉
巧克力蛋糕,鸡蛋
巧克力蛋糕,黄油
巧克力蛋糕,糖
巧克力蛋糕,巧克力
希腊沙拉,黄瓜
希腊沙拉,番茄
希腊沙拉,橄榄
希腊沙拉,奶酪
意大利烩饭,米
意大利烩饭,洋葱
意大利烩饭,奶酪
意大利烩饭,黄油
意式土豆团子,土豆
意式土豆团子,面粉
意式土豆团子,鸡蛋
意式奶冻,奶油
意式奶冻,牛奶
意式奶冻,糖
意式奶酪卷,奶酪
意式奶酪卷,面皮
意式奶酪卷,巧克力
意式生牛肉片,生牛肉
意式生牛肉片,橄榄油
意式生牛肉片,奶酪
意式馄饨,面皮
意式馄饨,猪肉
意式馄饨,奶酪
意式馄饨,鸡蛋
扇贝,扇贝肉
扇贝,粉丝
扇贝,大蒜
手撕猪肉三明治,猪肩肉
手撕猪肉三明治,面包
手撕猪肉三明治,洋葱
手撕猪肉三明治,烧烤酱
披萨,披萨面团
披萨,番茄酱
披萨,奶酪
披萨,意大利香肠
拉面,面条
拉面,骨汤
拉面,叉烧肉
拉面,鸡蛋
提拉米苏,奶酪
提拉米苏,饼干
提拉米苏,咖啡
提拉米苏,蛋黄
日式煎饺,面皮
日式煎饺,猪肉馅
日式煎饺,白菜
日式煎饺,葱
早餐卷饼,面饼
早餐卷饼,鸡蛋
早餐卷饼,培根
早餐卷饼,奶酪
春卷,春卷皮
春卷,猪肉馅
春卷,白菜
春卷,胡萝卜
普切塔,面包
普切塔,大蒜
普切塔,橄榄油
普切塔,迷迭香
毛豆,毛豆
汉堡包,面包
汉堡包,牛肉饼
汉堡包,生菜
汉堡包,番茄
法式吐司,面包
法式吐司,鸡蛋
法式吐司,牛奶
法式吐司,黄油
法式洋葱汤,洋葱
法式洋葱汤,高汤
法式洋葱汤,面包
法式洋葱汤,奶酪
法式火腿奶酪三明治,面包
法式火腿奶酪三明治,火腿
法式火腿奶酪三明治,奶酪
法式甜甜圈,面粉
法式甜甜圈,糖
法式甜甜圈,鸡蛋
法式甜甜圈,黄油
法式蜗牛,蜗牛肉
法式蜗牛,黄油
法式蜗牛,大蒜
法式蜗牛,欧芹
泰式炒河粉,河粉
泰式炒河粉,鸡蛋
泰式炒河粉,豆芽
泰式炒河粉,虾
洋葱圈,洋葱
洋葱圈,面粉
洋葱圈,鸡蛋
海藻沙拉,海藻
海藻沙拉,芝麻
海藻沙拉,醋
炒饭,米饭
炒饭,鸡蛋
炒饭,胡萝卜
炒饭,豌豆
炸豆丸子,鹰嘴豆
炸豆丸子,洋葱
炸豆丸子,香菜
炸豆丸子,大蒜
炸鱼薯条,白鱼肉
炸鱼薯条,土豆
炸鱼薯条,面粉
炸鱿鱼圈,鱿鱼圈
炸鱿鱼圈,面粉
炸鱿鱼圈,鸡蛋
烤三文鱼,三文鱼
烤三文鱼,橄榄油
烤三文鱼,柠檬
烤芝士三明治,面包
烤芝士三明治,奶酪
烤芝士三明治,黄油
热狗,热狗面包
热狗,香肠
热狗,芥末酱
焦糖布丁,鸡蛋
焦糖布丁,牛奶
焦糖布丁,糖
煎蛋卷,鸡蛋
煎蛋卷,奶酪
煎蛋卷,洋葱
煎蛋卷,青椒
牛排,牛肉
猪排,猪肉
班尼迪克蛋,鸡蛋
班尼迪克蛋,松饼
班尼迪克蛋,火腿
班尼迪克蛋,荷兰酱
甜甜圈,面粉
甜甜圈,糖
甜甜圈,鸡蛋
甜甜圈,黄油
甜菜沙拉,甜菜
甜菜沙拉,洋葱
甜菜沙拉,醋
生蚝,生蚝肉
生鱼片,三文鱼
生鱼片,金枪鱼
章鱼烧,章鱼
章鱼烧,面粉
章鱼烧,鸡蛋
红丝绒蛋糕,面粉
红丝绒蛋糕,可可粉
红丝绒蛋糕,鸡蛋
红丝绒蛋糕,奶油
红丝绒蛋糕,奶酪
纸杯蛋糕,面粉
纸杯蛋糕,鸡蛋
纸杯蛋糕,黄油
纸杯蛋糕,糖
肉汁奶酪薯条,土豆
肉汁奶酪薯条,奶酪
肉汁奶酪薯条,肉汁
肉酱意面,意面
肉酱意面,牛肉末
肉酱意面,番茄酱
胡萝卜蛋糕,面粉
胡萝卜蛋糕,胡萝卜
胡萝卜蛋糕,鸡蛋
胡萝卜蛋糕,糖
芝士拼盘,奶酪
芝士蛋糕,奶油
芝士蛋糕,奶酪
芝士蛋糕,糖
芝士蛋糕,鸡蛋
芝士蛋糕,饼干底
芝士通心粉,通心粉
芝士通心粉,奶酪
芝士通心粉,黄油
苹果派,苹果
苹果派,面粉
苹果派,黄油
苹果派,糖
草莓奶油蛋糕,蛋糕胚
草莓奶油蛋糕,草莓
草莓奶油蛋糕,鲜奶油
菲力牛排,牛肉
蒜香面包,面包
蒜香面包,黄油
蒜香面包,大蒜
薄饼,面粉
薄饼,鸡蛋
薄饼,牛奶
薯条,土豆
薯条,油
虾仁玉米粥,虾仁
虾仁玉米粥,玉米
虾仁玉米粥,米
蛤蜊浓汤,蛤蜊
蛤蜊浓汤,奶油
蛤蜊浓汤,洋葱
蟹肉饼,蟹肉
蟹肉饼,面包
蟹肉饼,鸡蛋
西班牙油条,面粉
西班牙油条,糖
西班牙海鲜饭,米
西班牙海鲜饭,虾
西班牙海鲜饭,贻贝
西班牙海鲜饭,鱿鱼
西班牙海鲜饭,番茄
越南河粉,河粉
越南河粉,牛肉
越南河粉,香草
酸橘汁腌鱼,鱼肉
酸橘汁腌鱼,酸橘汁
酸橘汁腌鱼,洋葱
酸辣汤,豆腐
酸辣汤,木耳
酸辣汤,鸡蛋
酸辣汤,醋
金枪鱼塔塔,金枪鱼
金枪鱼塔塔,鳄梨
金枪鱼塔塔,洋葱
青口贝,贻贝
面包布丁,面包
面包布丁,鸡蛋
面包布丁,牛奶
面包布丁,糖
鞑靼牛肉,牛肉
鞑靼牛肉,蛋黄
鞑靼牛肉,洋葱
韩式拌饭,米饭
韩式拌饭,蔬菜
韩式拌饭,牛肉
韩式拌饭,鸡蛋
饺子,面皮
饺子,猪肉馅
饺子,白菜
马卡龙,蛋白
马卡龙,糖粉
马卡龙,杏仁
魔鬼蛋,鸡蛋
魔鬼蛋,蛋黄酱
魔鬼蛋,芥末
鳄梨酱,鳄梨
鳄梨酱,洋葱
鳄梨酱,柠檬汁
鸡翅,鸡翅
鸡肉奶酪薄饼,面饼
鸡肉奶酪薄饼,鸡肉
鸡肉奶酪薄饼,奶酪
鹅肝,鹅肝
鹰嘴豆泥,鹰嘴豆
鹰嘴豆泥,橄榄油
鹰嘴豆泥,大蒜
龙虾卷三明治,龙虾肉
龙虾卷三明治,面包
龙虾卷三明治,生菜
龙虾浓汤,龙虾肉
龙虾浓汤,奶油
龙虾浓汤,洋葱
三杯鸡,鸡肉
三杯鸡,九层塔
三杯鸡,姜
上汤娃娃菜,娃娃菜
上汤娃娃菜,高汤
乌鸡汤,乌鸡
乌鸡汤,高汤
京酱肉丝,猪肉
京酱肉丝,甜面酱
京酱肉丝,葱
农家小炒肉,猪肉
农家小炒肉,青椒
农家小炒肉,辣椒
冬瓜汤,冬瓜
冬瓜汤,高汤
冰激凌,牛奶
冰激凌,糖
冰激凌,蛋黄
冰糖雪梨,雪梨
冰糖雪梨,冰糖
凉拌凉面,凉面
凉拌凉面,黄瓜
凉拌凉面,花生
凉拌木耳,木耳
凉拌木耳,大蒜
凉拌海带丝,海带丝
凉拌海带丝,大蒜
凉拌腐竹,腐竹
凉拌腐竹,辣椒油
凉拌西红柿,西红柿
凉拌西红柿,葱
凉皮,面粉
凉皮,黄瓜
剁椒鱼头,鱼肉
剁椒鱼头,剁椒
包子,面粉
包子,猪肉馅
南瓜紫薯馒头,面粉
南瓜紫薯馒头,南瓜
南瓜紫薯馒头,紫薯
南瓜饼,南瓜
南瓜饼,面粉
卤蛋,鸡蛋
卤蛋,卤水
叉烧,猪肉
叉烧,叉烧酱
双皮奶,牛奶
双皮奶,蛋白
双皮奶,糖
口水鸡,鸡肉
口水鸡,辣椒油
口水鸡,花椒
口水黄瓜,黄瓜
口水黄瓜,辣椒油
可乐鸡翅,鸡翅
可乐鸡翅,可乐
可乐鸡翅,酱油
吐司,面粉
吐司,酵母
咕噜肉,猪肉
咕噜肉,番茄酱
咕噜肉,糖
啤酒鸭,鸭肉
啤酒鸭,啤酒
啤酒鸭,生姜
回锅肉,五花肉
回锅肉,大蒜
土豆泥,土豆
土豆泥,黄油
土豆泥,牛奶
土豆炖牛腩,土豆
土豆炖牛腩,牛腩
土豆焖豆角,土豆
土豆焖豆角,豆角
土豆鸡蛋饼,土豆
土豆鸡蛋饼,鸡蛋
地三鲜,土豆
地三鲜,茄子
地三鲜,青椒
培根金针菇卷,培根
培根金针菇卷,金针菇
大盘鸡,鸡肉
大盘鸡,土豆
大盘鸡,辣椒
大米粥,大米
夫妻肺片,牛肉
夫妻肺片,牛杂
夫妻肺片,辣椒油
孜然羊肉,羊肉
孜然羊肉,孜然
宫保鸡丁,鸡肉
宫保鸡丁,花生
宫保鸡丁,辣椒
家常早餐鸡蛋饼,面粉
家常早餐鸡蛋饼,鸡蛋
家常早餐鸡蛋饼,葱
家常豆腐,豆腐
家常豆腐,猪肉馅
小笼汤包,面粉
小笼汤包,猪肉馅
小米粥,小米
干煸豆角,豆角
干煸豆角,辣椒
手撕包菜,包菜
手撕包菜,辣椒
扬州炒饭,米饭
扬州炒饭,鸡蛋
扬州炒饭,虾仁
担担面,面条
担担面,猪肉馅
担担面,花生酱
拔丝山药,山药
拔丝山药,糖
曲奇饼干,面粉
曲奇饼干,黄油
曲奇饼干,糖
木耳炒肉丝,木耳
木耳炒肉丝,猪肉
木须肉,猪肉
木须肉,木耳
木须肉,鸡蛋
杭椒牛柳,牛肉
杭椒牛柳,杭椒
松仁玉米,玉米
松仁玉米,松子
松鼠桂鱼,桂鱼
松鼠桂鱼,番茄酱
松鼠桂鱼,糖醋汁
梅菜扣肉,五花肉
梅菜扣肉,梅干菜
椒盐蘑菇,蘑菇
椒盐蘑菇,椒盐
毛血旺,鸭血
毛血旺,毛肚
毛血旺,辣椒
水晶虾饺,虾仁
水晶虾饺,面皮
水果沙拉,西瓜
水果沙拉,哈密瓜
水果沙拉,香蕉
水果沙拉,橙子
水果沙拉,草莓
水果沙拉,沙拉酱
水煮肉片,猪肉
水煮肉片,辣椒
水煮肉片,花椒
水煮鱼,鱼片
水煮鱼,辣椒
水煮鱼,花椒
汤圆,糯米
汤圆,芝麻
河粉,米粉
河粉,牛肉
油条,面粉
油条,油
油焖大虾,大虾
油焖大虾,酱油
油焖大虾,糖
泡椒凤爪,鸡爪
泡椒凤爪,泡椒
海带炖排骨,海带
海带炖排骨,排骨
海带豆腐汤,海带
海带豆腐汤,豆腐
海带豆腐汤,高汤
海蛰,海蛰
海蛰,调味料
清炒山药,山药
清炒菠菜,菠菜
清炒虾仁,虾仁
清蒸鲈鱼,鲈鱼
炒空心菜,空心菜
炒花菜,花菜
炒苦瓜,苦瓜
炒蚕豆,蚕豆
炒豆芽,豆芽
炒青菜,青菜
炒面,面条
炒面,蔬菜
炒面,猪肉
炸酱面,面条
炸酱面,猪肉馅
炸酱面,甜面酱
炸鸡腿,鸡腿
烤鱼,鱼肉
烤鸭烧鹅,鹅肉
烧麦,面粉
烧麦,猪肉馅
煎豆腐,豆腐
煎饺,面皮
煎饺,猪肉馅
牛角包,面粉
牛角包,黄油
牛角包,酵母
猪耳朵,猪肉
猪肉炖粉条,猪肉
猪肉炖粉条,粉条
猪肝,猪肝
玉米排骨汤,玉米
玉米排骨汤,排骨
玉米棒,玉米
甲鱼,甲鱼肉
疙瘩汤,面粉
疙瘩汤,鸡蛋
疙瘩汤,高汤
白斩鸡,鸡肉
皮皮虾,皮皮虾肉
皮蛋瘦肉粥,皮蛋
皮蛋瘦肉粥,猪肉
皮蛋瘦肉粥,大米
石锅饭,米饭
石锅饭,蔬菜
石锅饭,鸡肉
石锅饭,牛肉
米饭,大米
粉蒸排骨,排骨
粉蒸排骨,米粉
糖醋排骨,排骨
糖醋排骨,糖
糖醋排骨,醋
糖醋里脊,猪里脊肉
糖醋里脊,糖
糖醋里脊,醋
糖醋鲤鱼,鲤鱼
糖醋鲤鱼,糖
糖醋鲤鱼,醋
紫菜包饭,米饭
紫菜包饭,紫菜
紫菜包饭,蔬菜
紫菜包饭,火腿
紫菜蛋花汤,紫菜
紫菜蛋花汤,鸡蛋
紫菜蛋花汤,高汤
红烧带鱼,带鱼
红烧带鱼,酱油
红烧牛肉,牛肉
红烧牛肉,酱油
红烧牛肉面,牛肉
红烧牛肉面,面条
红烧狮子头,猪肉
红烧狮子头,鸡蛋
红烧肉,五花肉
红烧肉,酱油
红烧鸡爪,鸡爪
红烧鸡爪,酱油
红薯粥,红薯
红薯粥,大米
罗宋汤,牛肉
罗宋汤,番茄
罗宋汤,土豆
羊肉串,羊肉
肉夹馍,猪肉
肉夹馍,面饼
肉末茄子,猪肉馅
肉末茄子,茄子
肉酱意大利面,意大利面
肉酱意大利面,牛肉末
肉酱意大利面,番茄酱
肚丝,猪肚丝
肠粉,米浆
肠粉,猪肉
腰花,猪腰
臊子面,面条
臊子面,猪肉馅
臭豆腐,豆腐
芝士虾球,虾仁
芝士虾球,芝士
芝麻烧饼,面粉
芝麻烧饼,芝麻
花生米,花生
芹菜香干,芹菜
芹菜香干,豆干
苏打饼干,面粉
茄汁拌面,面条
茄汁拌面,番茄酱
荷包蛋,鸡蛋
莲藕,莲藕
莲藕排骨汤,莲藕
莲藕排骨汤,排骨
莴笋肉丝,莴笋
莴笋肉丝,猪肉
菠菜猪肝汤,菠菜
菠菜猪肝汤,猪肝
萝卜排骨汤,白萝卜
萝卜排骨汤,排骨
葱爆羊肉,羊肉
葱爆羊肉,葱
葱花手抓饼,面粉
葱花手抓饼,葱
蒜泥茄子,茄子
蒜泥茄子,大蒜
蒜茸粉丝蒸虾,虾
蒜茸粉丝蒸虾,粉丝
蒜茸粉丝蒸虾,大蒜
蒜蓉油麦菜,油麦菜
蒜蓉油麦菜,大蒜
虎皮青椒,青椒
虾仁西兰花,虾仁
虾仁西兰花,西兰花
蚂蚁上树,粉丝
蚂蚁上树,猪肉馅
蚝油杏鲍菇,杏鲍菇
蚝油生菜,生菜
蚝油西兰花,西兰花
蛋包饭,米饭
蛋包饭,鸡蛋
蛋挞,鸡蛋
蛋挞,牛奶
蛋挞,糖
蛋挞,面粉
蛋糕,面粉
蛋糕,鸡蛋
蛋糕,糖
蛋糕,黄油
螃蟹,螃蟹
西湖牛肉羹,牛肉末
西湖牛肉羹,蛋清
西红柿炒鸡蛋,鸡蛋
西红柿炒鸡蛋,西红柿
西红柿牛腩,牛腩
西红柿牛腩,西红柿
西红柿鸡蛋汤,鸡蛋
西红柿鸡蛋汤,西红柿
西红柿鸡蛋面,鸡蛋
西红柿鸡蛋面,西红柿
西红柿鸡蛋面,面条
西芹百合,西芹
西芹百合,百合
豆腐花,豆腐
豆角肉丝,豆角
豆角肉丝,猪肉
豉油鸡,鸡肉
辣子鸡,鸡肉
辣子鸡,干辣椒
辣白菜,大白菜
辣白菜,辣椒
酱汤,酱油
酱汤,骨汤
酱焖猪蹄,猪蹄
酱焖猪蹄,酱油
酱牛肉,牛肉
酱牛肉,酱油
酸菜鱼,鱼肉
酸菜鱼,酸菜
酸辣土豆丝,土豆
酸辣土豆丝,醋
酸辣土豆丝,辣椒
酿苦瓜,苦瓜
酿苦瓜,猪肉馅
醋溜白菜,大白菜
醋溜白菜,醋
重庆酸辣粉,红薯粉
重庆酸辣粉,辣椒
重庆酸辣粉,牛肉
银耳汤,银耳
银耳汤,冰糖
锅包肉,猪肉
锅包肉,淀粉
青椒肉丝,青椒
青椒肉丝,猪肉
面包,面粉
面包,酵母
韭菜炒香干,韭菜
韭菜炒香干,香干
韭菜炒鸡蛋,韭菜
韭菜炒鸡蛋,鸡蛋
韭菜盒子,韭菜
韭菜盒子,面粉
韭菜盒子,鸡蛋
饼干,面粉
饼干,黄油
饼干,糖
馒头,面粉
馒头,酵母
香煎土豆,土豆
香煎土豆,油
香煎藕盒,藕
香煎藕盒,猪肉馅
香菇蒸鸡,鸡肉
香菇蒸鸡,香菇
香菇青菜,香菇
香菇青菜,青菜
香辣小龙虾,小龙虾
香辣小龙虾,辣椒
香辣虾,虾
香辣虾,香料
鱼香肉丝,猪肉
鱼香肉丝,鱼香酱
鱼香茄子,茄子
鱼香茄子,鱼香酱
鱿鱼,鱿鱼
鲍鱼,鲍鱼
鲜肉小馄饨,馄饨皮
鲜肉小馄饨,猪肉馅
鲫鱼豆腐汤,鲫鱼
鲫鱼豆腐汤,豆腐
鳝鱼,鳝鱼
鸡丝面,鸡丝
鸡丝面,面条
鸡蛋布丁,鸡蛋
鸡蛋布丁,牛奶
鸡蛋灌饼,鸡蛋
鸡蛋灌饼,面饼
鸡蛋羹,鸡蛋
鸡蛋羹,清汤
鸡鸭胗,鸡胗
鸡鸭胗,鸭胗
麻婆豆腐,豆腐
麻婆豆腐,牛肉
麻婆豆腐,豆瓣酱
麻辣香锅,牛肉
麻辣香锅,虾
麻辣香锅,各类蔬菜
黄焖鸡,鸡肉
黄焖鸡,土豆
黄焖鸡,酱油
黄瓜炒鸡蛋,黄瓜
黄瓜炒鸡蛋,鸡蛋
黄金如意肉卷,猪肉
黄金如意肉卷,面皮
三文鱼排,三文鱼
三明治,面包
三明治,猪肉
三明治,蔬菜
中式汤,鸡肉
中式汤,蔬菜
乌冬面,乌冬面
乌冬面,骨汤
云吞汤,云吞
云吞汤,鸡肉
云吞汤,清汤
五花肉,五花肉
亲子丼,鸡肉
亲子丼,米饭
亲子丼,鸡蛋
八宝饭,糯米
八宝饭,红豆
八宝饭,坚果
关东煮,鱼丸
关东煮,蔬菜
关东煮,高汤
冲绳荞麦面,荞麦面
冲绳荞麦面,骨汤
冷豆腐,豆腐
冷面,面条
冷面,酱料
凉拌豆芽,豆芽
凉拌豆芽,辣酱
午餐肉饭团,午餐肉
午餐肉饭团,米饭
南蛮渍,鱼肉
南蛮渍,蔬菜
南蛮渍,酱油
卤肉饭,猪肉
卤肉饭,米饭
卤肉饭,卤汁
印尼什锦饭,米饭
印尼什锦饭,牛肉
印尼什锦饭,蔬菜
印尼炒面,面条
印尼炒面,蔬菜
印尼炒面,牛肉
印尼炒饭,米饭
印尼炒饭,蔬菜
印尼炒饭,牛肉
印尼炸鸡,鸡肉
印尼炸鸡,香料
印尼烤鸡,鸡肉
印尼烤鸡,香料
印尼烤鸡,调料
卷心菜卷,卷心菜
卷心菜卷,猪肉
叉烧饭,猪肉
叉烧饭,米饭
可丽饼,面粉
可丽饼,牛奶
可丽饼,鸡蛋
可乐饼,馅料
可乐饼,面包
司康饼,面粉
司康饼,牛油
司康饼,奶
叻沙,椰奶
叻沙,咖喱
叻沙,面粉
咖喱炖菜,蔬菜
咖喱炖菜,咖喱
咖喱猪排,猪肉
咖喱猪排,咖喱
咖喱鱼面,鱼肉
咖喱鱼面,咖喱
咖喱鱼面,面条
土豆沙拉,土豆
土豆沙拉,沙拉酱
土豆炖牛肉,土豆
土豆炖牛肉,牛肉
墨西哥薄饼,面粉
墨西哥薄饼,牛肉
墨西哥薄饼,蔬菜
夏威夷叶包肉,牛肉
夏威夷叶包肉,芋叶
夏威夷汉堡饭,汉堡肉
夏威夷汉堡饭,米饭
天妇罗,蔬菜
天妇罗,海鲜
天妇罗,面粉
天妇罗乌冬面,乌冬面
天妇罗乌冬面,蔬菜
天妇罗乌冬面,海鲜
天妇罗乌冬面,面粉
天妇罗盖饭,米
天妇罗盖饭,蔬菜
天妇罗盖饭,海鲜
天妇罗盖饭,面粉
太阳蛋,鸡蛋
奶油蛋糕,面粉
奶油蛋糕,奶油
奶油蛋糕,糖
姜炒猪肉,猪肉
姜炒猪肉,姜
寿司盖饭,米饭
寿司盖饭,醋
寿司盖饭,鱼肉
寿喜烧,牛肉
寿喜烧,豆腐
寿喜烧,蔬菜
小笼包,面皮
小笼包,猪肉馅
巴东饭,米饭
布朗尼,面粉
布朗尼,巧克力
布朗尼,黄油
干咖喱,咖喱粉
干咖喱,鸡肉
年糕汤,年糕
年糕汤,猪肉
意大利面,面条
意式蔬菜汤,蔬菜
意式蔬菜汤,清汤
抓饭,米饭
抓饭,羊肉
抓饭,香料
披萨吐司,面包
披萨吐司,披萨面团
披萨吐司,番茄酱
披萨吐司,奶酪
披萨吐司,意大利香肠
日式煎饼,面粉
日式煎饼,鸡蛋
日式豆腐蔬菜汤,豆腐
日式豆腐蔬菜汤,蔬菜
日式豆腐蔬菜汤,清汤
日本拉面,面条
日本拉面,猪肉
日本拉面,清汤
月饼,面粉
月饼,馅料
杂菜饭,米饭
杂菜饭,蔬菜
杏仁豆腐,杏仁
杏仁豆腐,牛奶
松饼,面粉
松饼,牛奶
松饼,糖
松饼或班戟,面粉
松饼或班戟,牛奶
松饼或班戟,鸡蛋
柠檬无花果果冻,无花果
柠檬无花果果冻,柠檬
柠檬无花果果冻,明胶
柠檬猪肉,猪肉
柠檬猪肉,柠檬
椒盐虾,虾
椒盐虾,椒盐
椰奶布丁,椰奶
椰奶布丁,糖
椰奶汤,椰奶
椰奶汤,鸡肉
椰香咖喱鸡饭,鸡肉
椰香咖喱鸡饭,椰奶
椰香咖喱鸡饭,米饭
椰香虾牛肉可丽饼,虾
椰香虾牛肉可丽饼,牛肉
椰香虾牛肉可丽饼,可丽饼
椰香饭,椰米
椰香饭,米饭
汉堡肉排,牛肉
汉堡肉排,面包
汤豆腐,豆腐
汤豆腐,高汤
汤饺,饺子
汤饺,高汤
油饭,米
油饭,猪肉
油饭,香料
法式炖牛肉,牛肉
法式炖牛肉,红酒
法棍,面粉
法棍,酵母
泡芙,面粉
泡芙,奶油
泰北咖喱面,面条
泰北咖喱面,咖喱
泰式青木瓜沙拉,青木瓜
泰式青木瓜沙拉,调料
浓汤,牛奶
浓汤,蔬菜
海南鸡饭,鸡肉
海南鸡饭,米饭
海蕴,海产品
清汤,清汤
清汤,蔬菜
火腿排,火腿
火锅,海鲜
火锅,牛肉
火锅,羊肉
火锅,猪肉
火锅,蔬菜
炒什锦蔬菜,蔬菜
炒菠菜,菠菜
炒蔬菜,蔬菜
炒蛋,鸡蛋
炒面或炒粉,面条
炒面或炒粉,蔬菜
炖猪肉,猪肉
炖猪腿,猪肉
炖菜,蔬菜
炖菜,猪肉
炭烤猪颈肉,猪肉
炸串,烤肉串
炸春卷,春卷皮
炸春卷,猪肉馅
炸肉丸,牛肉末
炸肉丸,淀粉
炸虾,虾
炸虾,面粉
炸鱼,鱼肉
炸鱼,面粉
炸鸡,鸡肉
炸鸡,面粉
炸鸡翅,鸡翅
炸鸡翅,面粉
烘烤三文鱼,三文鱼
烤乳猪,猪肉
烤秋刀鱼,秋刀鱼
烤茄子,茄子
烤茄子,油
烤鳗鱼饭,鳗鱼
烤鳗鱼饭,米饭
烤鸡,鸡肉
烤鸡肉串,鸡肉
烤鸭,鸭肉
烧烤三文鱼,三文鱼
烧鸭饭,鸭肉
烧鸭饭,米饭
焗烤,蔬菜
焗烤,牛肉饼
焗饭,米饭
焗饭,牛肉
焗饭,蔬菜
照烧鱼,鱼肉
照烧鱼,照烧酱
煮鱼,鱼肉
燕麦粥,燕麦
爆米花,玉米
爆米花,油
牛尾汤,牛尾
牛尾汤,清汤
牛肉咖喱,牛肉
牛肉咖喱,咖喱
牛肉盖饭,牛肉
牛肉盖饭,米饭
牛肉面,牛肉
牛肉面,面条
牛角面包,面粉
牛角面包,酵母
猪排饭,排骨
猪排饭,米饭
猪肉味增汤,猪肉
猪肉味增汤,味增
猪肉沙爹,猪肉
猪肉沙爹,沙爹酱
猪肉炒面,猪肉
猪肉炒面,面条
猪菲力排,菲力肉
猪里脊排,猪里脊肉
玉米片,玉米
生芝士蛋糕,奶酪
生芝士蛋糕,鸡蛋
生芝士蛋糕,糖
生鱼泥,鱼肉
生鱼片盖饭,生鱼片
生鱼片盖饭,米饭
白菜肉丸,白菜
白菜肉丸,猪肉馅
稻荷寿司,米饭
稻荷寿司,豆腐皮
米粉,米粉
米糕,米粉
米糕,糖
粥,大米
红豆汤,红豆
纳豆,纳豆
细白面,面条
绿咖喱,咖喱
绿咖喱,鸡肉
美式什锦饭,米饭
美式什锦饭,猪肉
美式什锦饭,蔬菜
肉包,面粉
肉包,猪肉馅
肉卷,猪肉
肉卷,面皮
肉饼,猪肉
肉饼,面粉
肉骨茶,猪肉
肉骨茶,药材
脆皮猪肉饭,猪肉
脆皮猪肉饭,米饭
脆面,面粉
芒果布丁,芒果
芒果布丁,牛奶
芭菲,酸奶
芭菲,水果
苦瓜炒杂烩,苦瓜
苦瓜炒杂烩,蔬菜
荞麦面,荞麦面
菲律宾春卷,春卷皮
菲律宾春卷,猪肉馅
菲律宾炖肉,猪肉
菲律宾炖肉,蔬菜
萝卜糕,萝卜
萝卜糕,大米
葡萄干面包,面粉
葡萄干面包,葡萄干
葡萄牙甜甜圈,面粉
葡萄牙甜甜圈,糖
葡萄牙甜甜圈,酵母
蒸排骨,排骨
蒸排骨,调料
蒸肉包,猪肉馅
蒸肉包,面粉
蒸蛋,鸡蛋
蔬菜天妇罗,蔬菜
蔬菜天妇罗,面粉
蔬菜沙拉,蔬菜
蔬菜沙拉,沙拉酱
薯条三明治,薯条
薯条三明治,面包
蘑菇烩饭,蘑菇
蘑菇烩饭,大米
蘸面,面条
蘸面,酱料
虾饼,虾
虾饼,面粉
蚝油牛肉,牛肉
蚝油牛肉,蚝油
蚵仔煎,蚵仔
蚵仔煎,鸡蛋
蚵仔煎,淀粉
蛋卷,鸡蛋
蛋卷,面粉
螺蛳粉,米粉
螺蛳粉,螺蛳
螺蛳粉,酸笋
豆腐饼,豆腐
豆腐饼,面粉
贝果,面粉
贝果,酵母
轻烤鱼,鱼肉
轻烤鱼,橄榄油
辣味鸡肉沙拉,鸡肉
辣味鸡肉沙拉,沙拉
辣炒虾,虾
辣炒虾,辣椒
通心粉沙拉,通心粉
通心粉沙拉,蔬菜
速食面,面条
速食面,调料
酸辣虾汤,虾
酸辣虾汤,酸辣酱
酸辣鱼汤,鱼肉
酸辣鱼汤,酸辣酱
里脊肉排,里脊肉
金平牛蒡,牛蒡
金平牛蒡,牛肉
釜饭,米
釜饭,猪肉
釜饭,蔬菜
长崎杂烩面,面条
长崎杂烩面,猪肉
长崎杂烩面,蔬菜
青椒炒牛肉,牛肉
青椒炒牛肉,青椒
面包卷,面包
面包卷,牛肉
面包卷,蔬菜
韩式炖菜,蔬菜
韩式炖菜,猪肉
韩式牛肉面,牛肉
韩式牛肉面,面条
韩式辣炒鸡,鸡肉
韩式辣炒鸡,辣椒
顺化牛肉粉,牛肉
顺化牛肉粉,米粉
饭团,米饭
饭团,海苔
饭团,配料
香肠,香肠
马肉刺身,马肉
马芬蛋糕,面粉
马芬蛋糕,鸡蛋
马芬蛋糕,糖
鱼丸汤,鱼丸
鱼丸汤,清汤
鱼干,鱼干
鲷鱼烧,鱼饼
鲷鱼烧,红豆
鳗鱼饭,鳗鱼
鳗鱼饭,米饭
鸡块,鸡肉
鸡排,鸡肉
鸡排,面粉
鸡肉粥,鸡肉
鸡肉粥,大米
鸡肉蔬菜汤,鸡肉
鸡肉蔬菜汤,蔬菜
鸡肉蔬菜汤,清汤
鸡肉面,鸡肉
鸡肉面,面条
鸡肉饭,鸡肉
鸡肉饭,米饭
黄咖喱,咖喱
黄咖喱,鸡肉
黄咖喱鸡面,鸡肉
黄咖喱鸡面,咖喱
黄咖喱鸡面,面条
丑橘,橘子
丹戎果,丹戎果
佛手柑,佛手柑
印度草莓,草莓
嘉宝果,嘉宝果
大溪地苹果,苹果
山楂,山楂
山竹,山竹
山陀果,山陀果
手指柠檬,柠檬
星苹果,苹果
枇杷,枇杷
枸杞,枸杞
柑橘,柑橘
柚子,柚子
柿子,柿子
树莓,树莓
桑葚,桑葚
梨,梨
椰子,椰子
椰枣,椰枣
榅桲,榅桲
榴莲蜜,榴莲蜜
樱桃,樱桃
橄榄,橄榄
橘柚,柚子
橙子,橙子
油桃,油桃
泰国青柠,柠檬
海棠果,海棠果
海葡萄,海葡萄
火龙果,火龙果
灯笼果,灯笼果
牙买加樱桃,樱桃
猕猴桃,猕猴桃
玫瑰果,玫瑰果
甜椒,甜椒
番木瓜,木瓜
番石榴,石榴
番茄,番茄
番荔枝,荔枝
百香果,百香果
石榴,石榴
红加仑,红加仑
红桑葚,桑葚
红毛丹,红毛丹
罗汉松果,松果
罗汉果,罗汉果
腰果,腰果
苏里南樱桃,樱桃
苦莓,苦莓
苹果,苹果
茄子,茄子
荔枝,荔枝
菠萝,菠萝
菠萝蜜,菠萝蜜
葡萄,葡萄
葡萄柚,柚子
蓝莓,蓝莓
蔓越莓,蔓越莓
西梅李,李子
西瓜,西瓜
豌豆,豌豆
金银花,金银花
银合欢果,银合欢果
青梅,青梅
香蕉,香蕉
黑桑葚,桑葚
黑樱桃,樱桃
黑莓,黑莓
龙眼,龙眼
龟背竹果,龟背竹果
玛芬蛋糕,面粉
玛芬蛋糕,鸡蛋
土司披萨,面包
土司披萨,芝士
果冻,明胶
果冻,水果汁
什锦饭,米饭
什锦饭,火腿
什锦饭,蔬菜
玉米粒,玉米
炒猪肉,猪肉
炒杏鲍菇,杏鲍菇
炒河粉,河粉
炒河粉,牛肉
炒猪肝,猪肝
炒生菜,生菜
炒西兰花,西兰花
炸猪排,猪肉
凉拌海藻,海藻
凉拌豆腐,豆腐
凉拌黄瓜,黄瓜
咖啡,咖啡豆
咖椰吐司,面包
咖椰吐司,椰子
哈密瓜,哈密瓜
墨西哥辣椒,辣椒
夏威夷果,夏威夷果
巴西坚果,巴西坚果
巴西莓,巴西莓
手抓饼,面粉
无花果,无花果
木瓜,木瓜
杂碎,猪肉
杏,杏
杨桃,杨桃
杨梅,杨梅
枣,枣
柠檬,柠檬
榴莲,榴莲
烧烤,羊肉
烧烤,牛肉
烧烤,猪肉
烧烤,蔬菜
煎炒豆腐,豆腐
牛油果,牛油果
肉酱奶酪薯条,土豆
肉酱奶酪薯条,牛肉
肉酱奶酪薯条,奶酪
芒果,芒果
花生,花生
苦瓜,苦瓜
草莓,草莓
蚂蚁上树,粉丝
蚂蚁上树,猪肉馅
蛇皮果,蛇皮果
蛋黄果,蛋黄果
豆角炒肉,豆角
豆角炒肉,猪肉
金桔,金桔
金酸枣,酸枣
青柠,柠檬
面包果,面包果
香菇炖鸡,香菇
香菇炖鸡,鸡肉
馄饨,面皮
馄饨,猪肉
海蜇,海蜇
咖喱面,面条
咖喱面,咖喱
